Workbook

Sheet daily_prices
A1: Date | B1: AMZN | C1: ASML | D1: BLD | E1: CEG | F1: COST | G1: DXCM | H1: FCX | I1: FLUT | J1: GOOGL | K1: HIMS | L1: IHI | M1: JPM | N1: MSFT | O1: NUKZ | P1: PANW | Q1: PSA | R1: SCHW | S1: SNOW | T1: TSM | U1: VRT | V1: SPXE
A2: 45659 | B2: 220.22 | C2: 693.79034 | D2: 310.29999 | E2: 241.24843 | F2: 905.0871 | G2: 78.5 | H2: 37.311115 | I2: 254.64 | J2: 188.69099 | K2: 25.200001 | L2: 58.11776 | M2: 233.96939 | N2: 415.51483 | O2: 41.439922 | P2: 180.74001 | Q2: 284.59027 | R2: 72.946594 | S2: 157.50999 | T2: 198.89998 | U2: 118.13165 | V2: 62.446983
A3: 45660 | B3: 224.19 | C3: 707.59839 | D3: 316.51999 | E3: 250.9938 | F3: 911.82196 | G3: 81.07 | H3: 37.143665 | I3: 256.76001 | J3: 191.04179 | K3: 26.629999 | L3: 58.944885 | M3: 237.16696 | N3: 420.24991 | O3: 43.808765 | P3: 183.25 | Q3: 288.30386 | R3: 73.549217 | S3: 162.22 | T3: 205.83652 | U3: 125.49116 | V3: 63.225628
A4: 45663 | B4: 227.61 | C4: 761.23584 | D4: 319.70999 | E4: 262.80765 | F4: 917.92023 | G4: 79.879997 | H4: 37.990746 | I4: 255.12 | J4: 196.10199 | K4: 26.9 | L4: 59.273743 | M4: 236.01068 | N4: 424.71698 | O4: 44.938675 | P4: 179.5 | Q4: 283.87057 | R4: 73.57885 | S4: 163.08 | T4: 217.08493 | U4: 133.88921 | V4: 63.574883
A5: 45664 | B5: 222.11 | C5: 750.4093 | D5: 315.54001 | E5: 254.20583 | F5: 916.58716 | G5: 79.349998 | H5: 38.158195 | I5: 251.86 | J5: 194.72736 | K5: 27.67 | L5: 59.303638 | M5: 238.28407 | N5: 419.27707 | O5: 43.957436 | P5: 175.50999 | Q5: 286.14481 | R5: 71.385712 | S5: 158.84 | T5: 208.60916 | U5: 130.45409 | V5: 62.868462
A6: 45665 | B6: 222.13 | C6: 736.93799 | D6: 319.5 | E6: 242.48151 | F6: 922.55597 | G6: 80.089996 | H6: 39.143181 | I6: 255.88 | J6: 193.19337 | K6: 25.73 | L6: 60.190552 | M6: 238.24487 | N6: 421.45102 | O6: 42.83744 | P6: 172.83 | Q6: 283.51553 | R6: 72.11676 | S6: 161.03 | T6: 204.36633 | U6: 129.08604 | V6: 62.956516
A7: 45667 | B7: 218.94 | C7: 732.01508 | D7: 313.45001 | E7: 303.48972 | F7: 932.07629 | G7: 77.760002 | H7: 38.394592 | I7: 254 | J7: 191.2908 | K7: 25.41 | L7: 59.642456 | M7: 235.05037 | N7: 415.88211 | O7: 42.996025 | P7: 173.42 | Q7: 277.3071 | R7: 71.889534 | S7: 162.46001 | T7: 205.5997 | U7: 128.74652 | V7: 61.998795
A8: 45670 | B8: 218.46001 | C8: 720.52484 | D8: 315.20001 | E8: 277.6843 | F8: 919.8999 | G8: 79.839996 | H8: 38.81813 | I8: 256.60001 | J8: 190.26483 | K8: 25.9 | L8: 59.492981 | M8: 239.30318 | N8: 414.13504 | O8: 42.014786 | P8: 167.82001 | Q8: 278.50656 | R8: 71.780876 | S8: 162.42999 | T8: 198.68291 | U8: 123.83352 | V8: 62.026493
A9: 45671 | B9: 217.75999 | C9: 729.3208 | D9: 332.97 | E9: 287.26065 | F9: 912.46857 | G9: 79.169998 | H9: 38.90678 | I9: 259.60001 | J9: 188.9201 | K9: 26.209999 | L9: 59.532837 | M9: 242.49767 | N9: 412.62613 | O9: 42.678856 | P9: 170.58 | Q9: 278.25714 | R9: 71.464737 | S9: 163.41 | T9: 198.7717 | U9: 128.76648 | V9: 62.037376
A10: 45672 | B10: 223.35001 | C10: 719.42529 | D10: 343.72 | E10: 299.0943 | F10: 918.70599 | G10: 80.400002 | H10: 39.579117 | I10: 255.31 | J10: 194.78712 | K10: 27.860001 | L10: 60.409786 | M10: 247.27963 | N10: 423.1882 | O10: 43.63036 | P10: 174.19 | Q10: 278.74646 | R10: 72.768776 | S10: 165.71001 | T10: 204.05058 | U10: 131.81216 | V10: 63.250359
A11: 45673 | B11: 220.66 | C11: 743.17841 | D11: 345.85999 | E11: 313.48373 | F11: 914.97552 | G11: 84.839996 | H11: 39.579117 | I11: 257.56 | J11: 192.15741 | K11: 27.940001 | L11: 61.396355 | M11: 249.16104 | N11: 421.47089 | O11: 44.036728 | P11: 177.17 | Q11: 285.66504 | R11: 74.596397 | S11: 167.64 | T11: 211.93433 | U11: 132.40131 | V11: 63.152416
A12: 45674 | B12: 225.94 | C12: 749.17114 | D12: 346.17999 | E12: 314.59747 | F12: 938.29382 | G12: 84.379997 | H12: 39.766983 | I12: 263.10001 | J12: 195.23538 | K12: 27.85 | L12: 61.625561 | M12: 253.9528 | N12: 425.88831 | O12: 44.988232 | P12: 177.11 | Q12: 284.10089 | R12: 75.485504 | S12: 170.78999 | T12: 208.6881 | U12: 135.68663 | V12: 63.712406
A13: 45678 | B13: 230.71001 | C13: 755.77795 | D13: 350.79001 | E13: 321.83691 | F13: 942.8103 | G13: 86.32 | H13: 39.846081 | I13: 269.13 | J13: 197.27737 | K13: 29.809999 | L13: 62.861259 | M13: 257.74506 | N13: 425.36221 | O13: 47.585041 | P13: 183.50999 | Q13: 285.03168 | R13: 79.950806 | S13: 173.53 | T13: 215.79236 | U13: 142.92633 | V13: 64.299103
... A251: 46022 | B251: 230.82001 | C251: 1069.86 | D251: 417.19 | E251: 353.26999 | F251: 862.34003 | G251: 66.370003 | H251: 50.790001 | I251: 215.03999 | J251: 313 | K251: 32.470001 | L251: 62.150002 | M251: 320.77307 | N251: 483.62 | O251: 63.5 | P251: 184.2 | Q251: 259.5 | R251: 99.910004 | S251: 219.36 | T251: 303.89001 | U251: 162.00999 | V251: 73.880997
B252: =(B251-B2)/B2 -> 0.048133712 | C252: =(C251-C2)/C2 -> 0.54205084 | D252: =(D251-D2)/D2 -> 0.34447315 | E252: =(E251-E2)/E2 -> 0.4643411 | F252: =(F251-F2)/F2 -> -0.047229786 | G252: =(G251-G2)/G2 -> -0.15452226 | H252: =(H251-H2)/H2 -> 0.36125657 | I252: =(I251-I2)/I2 -> -0.15551369 | ... V252: =(V251-V2)/V2 -> 0.18309953
B253: 112.118 | C253: 19.917 | D253: 19.521 | E253: 33.189 | F253: 15 | G253: 112.945 | H253: 195.831 | I253: 35.91 | J253: 137.343 | K253: 166 | L253: 219.368 | M253: 40 | N253: 55.274 | O253: 226.815 | P253: 54 | Q253: 20.725 | R253: 92.199 | S253: 62.096 | T253: 137.398 | U253: 77
A254: =SUM(B254:U254) -> 313519.68 | B254: =B251*B253 -> 25879.078 | C254: =C251*C253 -> 21308.401 | D254: =D251*D253 -> 8143.966 | E254: =E251*E253 -> 11724.678 | F254: =F251*F253 -> 12935.1 | G254: =G251*G253 -> 7496.16 | H254: =H251*H253 -> 9946.2567 | I254: =I251*I253 -> 7722.0862 | ... U254: =U251*U253 -> 12474.77
A255: DIG Weight | B255: =B254/$A254 -> 0.08254371 | C255: =C254/$A254 -> 0.067965115 | D255: =D254/$A254 -> 0.025975932 | E255: =E254/$A254 -> 0.037396943 | F255: =F254/$A254 -> 0.041257698 | G255: =G254/$A254 -> 0.023909695 | H255: =H254/$A254 -> 0.031724505 | I255: =I254/$A254 -> 0.024630307 | ... U255: =U254/$A254 -> 0.03978943
A256: SPXE Weight | B256: 0.0409 | C256: 0 | D256: 0 | E256: 0 | F256: 0 | G256: 0.005 | H256: 0.0014 | I256: 0 | J256: 0.0326 | K256: 0 | L256: 0 | M256: 0.0155 | N256: 0.0625 | O256: 0 | P256: 0.0023 | Q256: 0.0007 | R256: 0.003 | S256: 0 | T256: 0 | U256: 0
B257: AMZN | C257: ASML | D257: BLD | E257: CEG | F257: COST | G257: DXCM | H257: FCX | I257: FLUT | J257: GOOGL | K257: HIMS | L257: IHI | M257: JPM | N257: MSFT | O257: NUKZ | P257: PANW | Q257: PSA | R257: SCHW | S257: SNOW | T257: TSM | U257: VRT
A258: Active Weight | B258: =B255-B256 -> 0.04164371 | C258: =C255-C256 -> 0.067965115 | D258: =D255-D256 -> 0.025975932 | E258: =E255-E256 -> 0.037396943 | F258: =F255-F256 -> 0.041257698 | G258: =G255-G256 -> 0.018909695 | H258: =H255-H256 -> 0.030324505 | I258: =I255-I256 -> 0.024630307 | ... U258: =U255-U256 -> 0.03978943
A260: Total Tracking Error
B263: AMZN | C263: ASML | D263: BLD | E263: CEG | F263: COST | G263: DXCM | H263: FCX | I263: FLUT | J263: GOOGL | K263: HIMS | L263: IHI | M263: JPM | N263: MSFT | O263: NUKZ | P263: PANW | Q263: PSA | R263: SCHW | S263: SNOW | T263: TSM | U263: VRT
B264: 0.08254371 | C264: 0.067965115 | D264: 0.025975932 | E264: 0.037396943 | F264: 0.041257698 | G264: 0.023909695 | H264: 0.031724505 | I264: 0.024630307 | J264: 0.13711534 | K264: 0.017191968 | L264: 0.043486015 | M264: 0.040925414 | N264: 0.085262946 | O264: 0.04593891 | P264: 0.031726237 | Q264: 0.017154067 | R264: 0.029381257 | S264: 0.043446646 | T264: 0.13317786 | U264: 0.03978943

Sheet Sheet1
A1: Date | B1: AMZN | C1: ASML | D1: BLD | E1: CEG | F1: COST | G1: DXCM | H1: FCX | I1: FLUT | J1: GOOGL | K1: HIMS | L1: IHI | M1: JPM | N1: MSFT | O1: NUKZ | P1: PANW | Q1: PSA | R1: SCHW | S1: SNOW | T1: TSM | U1: VRT | V1: SPXE
A2: 45659
A3: 45660 | B3: =LN(daily_prices!B3/daily_prices!B2) -> 0.017866865 | C3: =LN(daily_prices!C3/daily_prices!C2) -> 0.019706868 | D3: =LN(daily_prices!D3/daily_prices!D2) -> 0.019846864 | E3: =LN(daily_prices!E3/daily_prices!E2) -> 0.039601032 | F3: =LN(daily_prices!F3/daily_prices!F2) -> 0.0074135732 | G3: =LN(daily_prices!G3/daily_prices!G2) -> 0.03221435 | H3: =LN(daily_prices!H3/daily_prices!H2) -> -0.0044980385 | I3: =LN(daily_prices!I3/daily_prices!I2) -> 0.0082910539 | ... V3: =LN(daily_prices!V3/daily_prices!V2) -> 0.012391794
A4: 45663 | B4: =LN(daily_prices!B4/daily_prices!B3) -> 0.015139723 | C4: =LN(daily_prices!C4/daily_prices!C3) -> 0.073066533 | D4: =LN(daily_prices!D4/daily_prices!D3) -> 0.010027912 | E4: =LN(daily_prices!E4/daily_prices!E3) -> 0.04599413 | F4: =LN(daily_prices!F4/daily_prices!F3) -> 0.006665736 | G4: =LN(daily_prices!G4/daily_prices!G3) -> -0.014787501 | H4: =LN(daily_prices!H4/daily_prices!H3) -> 0.022549352 | I4: =LN(daily_prices!I4/daily_prices!I3) -> -0.0064078309 | ... V4: =LN(daily_prices!V4/daily_prices!V3) -> 0.0055087395
A5: 45664 | B5: =LN(daily_prices!B5/daily_prices!B4) -> -0.024460883 | C5: =LN(daily_prices!C5/daily_prices!C4) -> -0.014324424 | D5: =LN(daily_prices!D5/daily_prices!D4) -> -0.013128824 | E5: =LN(daily_prices!E5/daily_prices!E4) -> -0.03327811 | F5: =LN(daily_prices!F5/daily_prices!F4) -> -0.0014533265 | G5: =LN(daily_prices!G5/daily_prices!G4) -> -0.0066570464 | H5: =LN(daily_prices!H5/daily_prices!H4) -> 0.0043979658 | I5: =LN(daily_prices!I5/daily_prices!I4) -> -0.012860624 | ... V5: =LN(daily_prices!V5/daily_prices!V4) -> -0.011173831
A6: 45665 | B6: =LN(daily_prices!B6/daily_prices!B5) -> 9.0060653e-05 | C6: =LN(daily_prices!C6/daily_prices!C5) -> -0.018115045 | D6: =LN(daily_prices!D6/daily_prices!D5) -> 0.01247179 | E6: =LN(daily_prices!E6/daily_prices!E5) -> -0.047218832 | F6: =LN(daily_prices!F6/daily_prices!F5) -> 0.0064908836 | G6: =LN(daily_prices!G6/daily_prices!G5) -> 0.0092825289 | H6: =LN(daily_prices!H6/daily_prices!H5) -> 0.02548567 | I6: =LN(daily_prices!I6/daily_prices!I5) -> 0.015835224 | ... V6: =LN(daily_prices!V6/daily_prices!V5) -> 0.0013996374
A7: 45667 | B7: =LN(daily_prices!B7/daily_prices!B6) -> -0.014465087 | C7: =LN(daily_prices!C7/daily_prices!C6) -> -0.006702639 | D7: =LN(daily_prices!D7/daily_prices!D6) -> -0.019117377 | E7: =LN(daily_prices!E7/daily_prices!E6) -> 0.22442228 | F7: =LN(daily_prices!F7/daily_prices!F6) -> 0.010266626 | G7: =LN(daily_prices!G7/daily_prices!G6) -> -0.029523769 | H7: =LN(daily_prices!H7/daily_prices!H6) -> -0.019309603 | I7: =LN(daily_prices!I7/daily_prices!I6) -> -0.0073743366 | ... V7: =LN(daily_prices!V7/daily_prices!V6) -> -0.015329328
A8: 45670 | B8: =LN(daily_prices!B8/daily_prices!B7) -> -0.0021947687 | C8: =LN(daily_prices!C8/daily_prices!C7) -> -0.015821216 | D8: =LN(daily_prices!D8/daily_prices!D7) -> 0.0055675 | E8: =LN(daily_prices!E8/daily_prices!E7) -> -0.088862883 | F8: =LN(daily_prices!F8/daily_prices!F7) -> -0.013149809 | G8: =LN(daily_prices!G8/daily_prices!G7) -> 0.026397399 | H8: =LN(daily_prices!H8/daily_prices!H7) -> 0.010970794 | I8: =LN(daily_prices!I8/daily_prices!I7) -> 0.010184209 | ... V8: =LN(daily_prices!V8/daily_prices!V7) -> 0.00044665919
A9: 45671 | B9: =LN(daily_prices!B9/daily_prices!B8) -> -0.0032094485 | C9: =LN(daily_prices!C9/daily_prices!C8) -> 0.012133798 | D9: =LN(daily_prices!D9/daily_prices!D8) -> 0.054845003 | E9: =LN(daily_prices!E9/daily_prices!E8) -> 0.033905153 | F9: =LN(daily_prices!F9/daily_prices!F8) -> -0.0081112247 | G9: =LN(daily_prices!G9/daily_prices!G8) -> -0.0084271701 | H9: =LN(daily_prices!H9/daily_prices!H8) -> 0.0022811165 | I9: =LN(daily_prices!I9/daily_prices!I8) -> 0.011623532 | ... V9: =LN(daily_prices!V9/daily_prices!V8) -> 0.00017544723
A10: 45672 | B10: =LN(daily_prices!B10/daily_prices!B9) -> 0.025346561 | C10: =LN(daily_prices!C10/daily_prices!C9) -> -0.013661002 | D10: =LN(daily_prices!D10/daily_prices!D9) -> 0.031774976 | E10: =LN(daily_prices!E10/daily_prices!E9) -> 0.040368912 | F10: =LN(daily_prices!F10/daily_prices!F9) -> 0.0068125137 | G10: =LN(daily_prices!G10/daily_prices!G9) -> 0.015416779 | H10: =LN(daily_prices!H10/daily_prices!H9) -> 0.017133091 | I10: =LN(daily_prices!I10/daily_prices!I9) -> -0.016663525 | ... V10: =LN(daily_prices!V10/daily_prices!V9) -> 0.019363748
A11: 45673 | B11: =LN(daily_prices!B11/daily_prices!B10) -> -0.012117003 | C11: =LN(daily_prices!C11/daily_prices!C10) -> 0.032483442 | D11: =LN(daily_prices!D11/daily_prices!D10) -> 0.0062066505 | E11: =LN(daily_prices!E11/daily_prices!E10) -> 0.046988568 | F11: =LN(daily_prices!F11/daily_prices!F10) -> -0.0040688351 | G11: =LN(daily_prices!G11/daily_prices!G10) -> 0.053752891 | H11: =LN(daily_prices!H11/daily_prices!H10) -> 0 | I11: =LN(daily_prices!I11/daily_prices!I10) -> 0.0087742097 | ... V11: =LN(daily_prices!V11/daily_prices!V10) -> -0.0015496871
A12: 45674 | B12: =LN(daily_prices!B12/daily_prices!B11) -> 0.023646416 | C12: =LN(daily_prices!C12/daily_prices!C11) -> 0.0080313209 | D12: =LN(daily_prices!D12/daily_prices!D11) -> 0.0009248233 | E12: =LN(daily_prices!E12/daily_prices!E11) -> 0.0035464847 | F12: =LN(daily_prices!F12/daily_prices!F11) -> 0.025165828 | G12: =LN(daily_prices!G12/daily_prices!G11) -> -0.0054367124 | H12: =LN(daily_prices!H12/daily_prices!H11) -> 0.0047353698 | I12: =LN(daily_prices!I12/daily_prices!I11) -> 0.021281518 | ... V12: =LN(daily_prices!V12/daily_prices!V11) -> 0.008828193
A13: 45678 | B13: =LN(daily_prices!B13/daily_prices!B12) -> 0.020892052 | C13: =LN(daily_prices!C13/daily_prices!C12) -> 0.0087801694 | D13: =LN(daily_prices!D13/daily_prices!D12) -> 0.013228928 | E13: =LN(daily_prices!E13/daily_prices!E12) -> 0.022750981 | F13: =LN(daily_prices!F13/daily_prices!F12) -> 0.0048019545 | G13: =LN(daily_prices!G13/daily_prices!G12) -> 0.022730943 | H13: =LN(daily_prices!H13/daily_prices!H12) -> 0.0019870551 | I13: =LN(daily_prices!I13/daily_prices!I12) -> 0.022660341 | ... V13: =LN(daily_prices!V13/daily_prices!V12) -> 0.0091663748
A14: 45679 | B14: =LN(daily_prices!B14/daily_prices!B13) -> 0.018466503 | C14: =LN(daily_prices!C14/daily_prices!C13) -> 0.0048506589 | D14: =LN(daily_prices!D14/daily_prices!D13) -> 0.0093350602 | E14: =LN(daily_prices!E14/daily_prices!E13) -> 0.026917987 | F14: =LN(daily_prices!F14/daily_prices!F13) -> -0.0032022466 | G14: =LN(daily_prices!G14/daily_prices!G13) -> 0.0088807072 | H14: =LN(daily_prices!H14/daily_prices!H13) -> -0.030484738 | I14: =LN(daily_prices!I14/daily_prices!I13) -> -0.0086202512 | ... V14: =LN(daily_prices!V14/daily_prices!V13) -> 0.0070532979
... A251: 46022 | B251: =LN(daily_prices!B251/daily_prices!B250) -> -0.007381026 | C251: =LN(daily_prices!C251/daily_prices!C250) -> -0.0021288797 | D251: =LN(daily_prices!D251/daily_prices!D250) -> -0.018806165 | E251: =LN(daily_prices!E251/daily_prices!E250) -> -0.01083924 | F251: =LN(daily_prices!F251/daily_prices!F250) -> -0.0038310424 | G251: =LN(daily_prices!G251/daily_prices!G250) -> -0.010342516 | H251: =LN(daily_prices!H251/daily_prices!H250) -> -0.0121332 | I251: =LN(daily_prices!I251/daily_prices!I250) -> -0.01119093 | ... V251: =LN(daily_prices!V251/daily_prices!V250) -> -0.0067718185
B253: =AVERAGE(B3:B251)*252 -> 0.047577565 | C253: =AVERAGE(C3:C251)*252 -> 0.43833148 | D253: =AVERAGE(D3:D251)*252 -> 0.29956852 | E253: =AVERAGE(E3:E251)*252 -> 0.38600063 | F253: =AVERAGE(F3:F251)*252 -> -0.048964433 | G253: =AVERAGE(G3:G251)*252 -> -0.16987577 | H253: =AVERAGE(H3:H251)*252 -> 0.31212399 | I253: =AVERAGE(I3:I251)*252 -> -0.17106322 | ... V253: =AVERAGE(V3:V251)*252 -> 0.17016347

Sheet Sheet2
A1: Date | B1: AMZN | C1: ASML | D1: BLD | E1: CEG | F1: COST | G1: DXCM | H1: FCX | I1: FLUT | J1: GOOGL | K1: HIMS | L1: IHI | M1: JPM | N1: MSFT | O1: NUKZ | P1: PANW | Q1: PSA | R1: SCHW | S1: SNOW | T1: TSM | U1: VRT | V1: SPXE
A2: 45659
A3: 45660 | B3: =Sheet1!B3-Sheet1!$V3 -> 0.0054750717 | C3: =Sheet1!C3-Sheet1!$V3 -> 0.0073150743 | D3: =Sheet1!D3-Sheet1!$V3 -> 0.0074550704 | E3: =Sheet1!E3-Sheet1!$V3 -> 0.027209238 | F3: =Sheet1!F3-Sheet1!$V3 -> -0.0049782204 | G3: =Sheet1!G3-Sheet1!$V3 -> 0.019822557 | H3: =Sheet1!H3-Sheet1!$V3 -> -0.016889832 | I3: =Sheet1!I3-Sheet1!$V3 -> -0.0041007396 | ... U3: =Sheet1!U3-Sheet1!$V3 -> 0.048043865
A4: 45663 | B4: =Sheet1!B4-Sheet1!$V4 -> 0.0096309837 | C4: =Sheet1!C4-Sheet1!$V4 -> 0.067557793 | D4: =Sheet1!D4-Sheet1!$V4 -> 0.0045191726 | E4: =Sheet1!E4-Sheet1!$V4 -> 0.04048539 | F4: =Sheet1!F4-Sheet1!$V4 -> 0.0011569965 | G4: =Sheet1!G4-Sheet1!$V4 -> -0.020296241 | H4: =Sheet1!H4-Sheet1!$V4 -> 0.017040612 | I4: =Sheet1!I4-Sheet1!$V4 -> -0.01191657 | ... U4: =Sheet1!U4-Sheet1!$V4 -> 0.059268599
A5: 45664 | B5: =Sheet1!B5-Sheet1!$V5 -> -0.013287053 | C5: =Sheet1!C5-Sheet1!$V5 -> -0.0031505938 | D5: =Sheet1!D5-Sheet1!$V5 -> -0.0019549937 | E5: =Sheet1!E5-Sheet1!$V5 -> -0.02210428 | F5: =Sheet1!F5-Sheet1!$V5 -> 0.009720504 | G5: =Sheet1!G5-Sheet1!$V5 -> 0.0045167841 | H5: =Sheet1!H5-Sheet1!$V5 -> 0.015571796 | I5: =Sheet1!I5-Sheet1!$V5 -> -0.001686793 | ... U5: =Sheet1!U5-Sheet1!$V5 -> -0.01481747
A6: 45665 | B6: =Sheet1!B6-Sheet1!$V6 -> -0.0013095767 | C6: =Sheet1!C6-Sheet1!$V6 -> -0.019514683 | D6: =Sheet1!D6-Sheet1!$V6 -> 0.011072153 | E6: =Sheet1!E6-Sheet1!$V6 -> -0.048618469 | F6: =Sheet1!F6-Sheet1!$V6 -> 0.0050912462 | G6: =Sheet1!G6-Sheet1!$V6 -> 0.0078828915 | H6: =Sheet1!H6-Sheet1!$V6 -> 0.024086032 | I6: =Sheet1!I6-Sheet1!$V6 -> 0.014435586 | ... U6: =Sheet1!U6-Sheet1!$V6 -> -0.011941781
A7: 45667 | B7: =Sheet1!B7-Sheet1!$V7 -> 0.00086424065 | C7: =Sheet1!C7-Sheet1!$V7 -> 0.0086266889 | D7: =Sheet1!D7-Sheet1!$V7 -> -0.0037880493 | E7: =Sheet1!E7-Sheet1!$V7 -> 0.23975161 | F7: =Sheet1!F7-Sheet1!$V7 -> 0.025595954 | G7: =Sheet1!G7-Sheet1!$V7 -> -0.014194441 | H7: =Sheet1!H7-Sheet1!$V7 -> -0.0039802755 | I7: =Sheet1!I7-Sheet1!$V7 -> 0.0079549912 | ... U7: =Sheet1!U7-Sheet1!$V7 -> 0.012695653
A8: 45670 | B8: =Sheet1!B8-Sheet1!$V8 -> -0.0026414279 | C8: =Sheet1!C8-Sheet1!$V8 -> -0.016267875 | D8: =Sheet1!D8-Sheet1!$V8 -> 0.0051208409 | E8: =Sheet1!E8-Sheet1!$V8 -> -0.089309542 | F8: =Sheet1!F8-Sheet1!$V8 -> -0.013596469 | G8: =Sheet1!G8-Sheet1!$V8 -> 0.025950739 | H8: =Sheet1!H8-Sheet1!$V8 -> 0.010524135 | I8: =Sheet1!I8-Sheet1!$V8 -> 0.0097375498 | ... U8: =Sheet1!U8-Sheet1!$V8 -> -0.039354102
A9: 45671 | B9: =Sheet1!B9-Sheet1!$V9 -> -0.0033848957 | C9: =Sheet1!C9-Sheet1!$V9 -> 0.011958351 | D9: =Sheet1!D9-Sheet1!$V9 -> 0.054669556 | E9: =Sheet1!E9-Sheet1!$V9 -> 0.033729706 | F9: =Sheet1!F9-Sheet1!$V9 -> -0.0082866719 | G9: =Sheet1!G9-Sheet1!$V9 -> -0.0086026173 | H9: =Sheet1!H9-Sheet1!$V9 -> 0.0021056693 | I9: =Sheet1!I9-Sheet1!$V9 -> 0.011448085 | ... U9: =Sheet1!U9-Sheet1!$V9 -> 0.038887006
A10: 45672 | B10: =Sheet1!B10-Sheet1!$V10 -> 0.0059828132 | C10: =Sheet1!C10-Sheet1!$V10 -> -0.03302475 | D10: =Sheet1!D10-Sheet1!$V10 -> 0.012411228 | E10: =Sheet1!E10-Sheet1!$V10 -> 0.021005164 | F10: =Sheet1!F10-Sheet1!$V10 -> -0.012551235 | G10: =Sheet1!G10-Sheet1!$V10 -> -0.0039469691 | H10: =Sheet1!H10-Sheet1!$V10 -> -0.0022306568 | I10: =Sheet1!I10-Sheet1!$V10 -> -0.036027273 | ... U10: =Sheet1!U10-Sheet1!$V10 -> 0.0040136358
A11: 45673 | B11: =Sheet1!B11-Sheet1!$V11 -> -0.010567316 | C11: =Sheet1!C11-Sheet1!$V11 -> 0.034033129 | D11: =Sheet1!D11-Sheet1!$V11 -> 0.0077563376 | E11: =Sheet1!E11-Sheet1!$V11 -> 0.048538255 | F11: =Sheet1!F11-Sheet1!$V11 -> -0.0025191481 | G11: =Sheet1!G11-Sheet1!$V11 -> 0.055302578 | H11: =Sheet1!H11-Sheet1!$V11 -> 0.0015496871 | I11: =Sheet1!I11-Sheet1!$V11 -> 0.010323897 | ... U11: =Sheet1!U11-Sheet1!$V11 -> 0.0060092842
A12: 45674 | B12: =Sheet1!B12-Sheet1!$V12 -> 0.014818223 | C12: =Sheet1!C12-Sheet1!$V12 -> -0.0007968721 | D12: =Sheet1!D12-Sheet1!$V12 -> -0.0079033697 | E12: =Sheet1!E12-Sheet1!$V12 -> -0.0052817083 | F12: =Sheet1!F12-Sheet1!$V12 -> 0.016337635 | G12: =Sheet1!G12-Sheet1!$V12 -> -0.014264905 | H12: =Sheet1!H12-Sheet1!$V12 -> -0.0040928232 | I12: =Sheet1!I12-Sheet1!$V12 -> 0.012453325 | ... U12: =Sheet1!U12-Sheet1!$V12 -> 0.015682336
A13: 45678 | B13: =Sheet1!B13-Sheet1!$V13 -> 0.011725677 | C13: =Sheet1!C13-Sheet1!$V13 -> -0.00038620542 | D13: =Sheet1!D13-Sheet1!$V13 -> 0.0040625536 | E13: =Sheet1!E13-Sheet1!$V13 -> 0.013584606 | F13: =Sheet1!F13-Sheet1!$V13 -> -0.0043644203 | G13: =Sheet1!G13-Sheet1!$V13 -> 0.013564569 | H13: =Sheet1!H13-Sheet1!$V13 -> -0.0071793196 | I13: =Sheet1!I13-Sheet1!$V13 -> 0.013493966 | ... U13: =Sheet1!U13-Sheet1!$V13 -> 0.042814914
A14: 45679 | B14: =Sheet1!B14-Sheet1!$V14 -> 0.011413205 | C14: =Sheet1!C14-Sheet1!$V14 -> -0.002202639 | D14: =Sheet1!D14-Sheet1!$V14 -> 0.0022817623 | E14: =Sheet1!E14-Sheet1!$V14 -> 0.01986469 | F14: =Sheet1!F14-Sheet1!$V14 -> -0.010255544 | G14: =Sheet1!G14-Sheet1!$V14 -> 0.0018274094 | H14: =Sheet1!H14-Sheet1!$V14 -> -0.037538036 | I14: =Sheet1!I14-Sheet1!$V14 -> -0.015673549 | ... U14: =Sheet1!U14-Sheet1!$V14 -> 0.030384087
... A251: 46022 | B251: =Sheet1!B251-Sheet1!$V251 -> -0.00060920748 | C251: =Sheet1!C251-Sheet1!$V251 -> 0.0046429388 | D251: =Sheet1!D251-Sheet1!$V251 -> -0.012034347 | E251: =Sheet1!E251-Sheet1!$V251 -> -0.0040674216 | F251: =Sheet1!F251-Sheet1!$V251 -> 0.0029407761 | G251: =Sheet1!G251-Sheet1!$V251 -> -0.0035706976 | H251: =Sheet1!H251-Sheet1!$V251 -> -0.0053613818 | I251: =Sheet1!I251-Sheet1!$V251 -> -0.0044191118 | ... U251: =Sheet1!U251-Sheet1!$V251 -> -0.0075075839
B253: AMZN | C253: ASML | D253: BLD | E253: CEG | F253: COST | G253: DXCM | H253: FCX | I253: FLUT | J253: GOOGL | K253: HIMS | L253: IHI | M253: JPM | N253: MSFT | O253: NUKZ | P253: PANW | Q253: PSA | R253: SCHW | S253: SNOW | T253: TSM | U253: VRT
A254: Active Weight | B254: 0.04164371 | C254: 0.067965115 | D254: 0.025975932 | E254: 0.037396943 | F254: 0.041257698 | G254: 0.018909695 | H254: 0.030324505 | I254: 0.024630307 | J254: 0.10451534 | K254: 0.017191968 | L254: 0.043486015 | M254: 0.025425414 | N254: 0.022762946 | O254: 0.04593891 | P254: 0.029426237 | Q254: 0.016454067 | R254: 0.026381257 | S254: 0.043446646 | T254: 0.13317786 | U254: 0.03978943
A255: Active Return | B255: =AVERAGE(B2:B251)*252 -> -0.12258591 | C255: =AVERAGE(C2:C251)*252 -> 0.26816801 | D255: =AVERAGE(D2:D251)*252 -> 0.12940505 | E255: =AVERAGE(E2:E251)*252 -> 0.21583715 | F255: =AVERAGE(F2:F251)*252 -> -0.2191279 | G255: =AVERAGE(G2:G251)*252 -> -0.34003924 | H255: =AVERAGE(H2:H251)*252 -> 0.14196051 | I255: =AVERAGE(I2:I251)*252 -> -0.34122669 | ... U255: =AVERAGE(U2:U251)*252 -> 0.14950044
B257: =B254*B255 -> -0.0051049319 | C257: =C254*C255 -> 0.01822607 | D257: =D254*D255 -> 0.0033614168 | E257: =E254*E255 -> 0.0080716498 | F257: =F254*F255 -> -0.009040713 | G257: =G254*G255 -> -0.0064300383 | H257: =H254*H255 -> 0.0043048823 | I257: =I254*I255 -> -0.0084045184 | ... U257: =U254*U255 -> 0.0059485373

Sheet Sheet3
A1: Date | B1: AMZN | C1: ASML | D1: BLD | E1: CEG | F1: COST | G1: DXCM | H1: FCX | I1: FLUT | J1: GOOGL | K1: HIMS | L1: IHI | M1: JPM | N1: MSFT | O1: NUKZ | P1: PANW | Q1: PSA | R1: SCHW | S1: SNOW | T1: TSM | U1: VRT | V1: Total
A2: 45659
A3: 45660 | B3: =Sheet2!B3*B$258 -> 0.0002280023 | C3: =Sheet2!C3*C$258 -> 0.00049716987 | D3: =Sheet2!D3*D$258 -> 0.0001936524 | E3: =Sheet2!E3*E$258 -> 0.0010175423 | F3: =Sheet2!F3*F$258 -> -0.00020538991 | G3: =Sheet2!G3*G$258 -> 0.00037483851 | H3: =Sheet2!H3*H$258 -> -0.00051217579 | I3: =Sheet2!I3*I$258 -> -0.00010100248 | ... U3: =Sheet2!U3*U$258 -> 0.001911638 | V3: =SUM(B3:U3) -> 0.0098026283
A4: 45663 | B4: =Sheet2!B4*B$258 -> 0.00040106989 | C4: =Sheet2!C4*C$258 -> 0.0045915732 | D4: =Sheet2!D4*D$258 -> 0.00011738972 | E4: =Sheet2!E4*E$258 -> 0.0015140298 | F4: =Sheet2!F4*F$258 -> 4.7735011e-05 | G4: =Sheet2!G4*G$258 -> -0.00038379572 | H4: =Sheet2!H4*H$258 -> 0.00051674812 | I4: =Sheet2!I4*I$258 -> -0.00029350879 | ... U4: =Sheet2!U4*U$258 -> 0.0023582638 | V4: =SUM(B4:U4) -> 0.016966715
A5: 45664 | B5: =Sheet2!B5*B$258 -> -0.00055332217 | C5: =Sheet2!C5*C$258 -> -0.00021413047 | D5: =Sheet2!D5*D$258 -> -5.0782785e-05 | E5: =Sheet2!E5*E$258 -> -0.00082663249 | F5: =Sheet2!F5*F$258 -> 0.00040104562 | G5: =Sheet2!G5*G$258 -> 8.541101e-05 | H5: =Sheet2!H5*H$258 -> 0.00047220701 | I5: =Sheet2!I5*I$258 -> -4.1546231e-05 | ... U5: =Sheet2!U5*U$258 -> -0.0005895787 | V5: =SUM(B5:U5) -> -0.0047076685
A6: 45665 | B6: =Sheet2!B6*B$258 -> -5.4535633e-05 | C6: =Sheet2!C6*C$258 -> -0.0013263177 | D6: =Sheet2!D6*D$258 -> 0.00028760948 | E6: =Sheet2!E6*E$258 -> -0.0018181821 | F6: =Sheet2!F6*F$258 -> 0.0002100531 | G6: =Sheet2!G6*G$258 -> 0.00014906307 | H6: =Sheet2!H6*H$258 -> 0.000730397 | I6: =Sheet2!I6*I$258 -> 0.00035555293 | ... U6: =Sheet2!U6*U$258 -> -0.00047515666 | V6: =SUM(B6:U6) -> -0.0076332381
A7: 45667 | B7: =Sheet2!B7*B$258 -> 3.5990187e-05 | C7: =Sheet2!C7*C$258 -> 0.00058631391 | D7: =Sheet2!D7*D$258 -> -9.8398112e-05 | E7: =Sheet2!E7*E$258 -> 0.0089659772 | F7: =Sheet2!F7*F$258 -> 0.0010560302 | G7: =Sheet2!G7*G$258 -> -0.00026841255 | H7: =Sheet2!H7*H$258 -> -0.00012069988 | I7: =Sheet2!I7*I$258 -> 0.00019593388 | ... U7: =Sheet2!U7*U$258 -> 0.00050515282 | V7: =SUM(B7:U7) -> 0.017362931
A8: 45670 | B8: =Sheet2!B8*B$258 -> -0.00010999886 | C8: =Sheet2!C8*C$258 -> -0.001105648 | D8: =Sheet2!D8*D$258 -> 0.00013301862 | E8: =Sheet2!E8*E$258 -> -0.0033399038 | F8: =Sheet2!F8*F$258 -> -0.000560959 | G8: =Sheet2!G8*G$258 -> 0.00049072057 | H8: =Sheet2!H8*H$258 -> 0.00031913919 | I8: =Sheet2!I8*I$258 -> 0.00023983884 | ... U8: =Sheet2!U8*U$258 -> -0.0015658773 | V8: =SUM(B8:U8) -> -0.01227023
A9: 45671 | B9: =Sheet2!B9*B$258 -> -0.00014095961 | C9: =Sheet2!C9*C$258 -> 0.00081275072 | D9: =Sheet2!D9*D$258 -> 0.0014200927 | E9: =Sheet2!E9*E$258 -> 0.0012613879 | F9: =Sheet2!F9*F$258 -> -0.00034188901 | G9: =Sheet2!G9*G$258 -> -0.00016267287 | H9: =Sheet2!H9*H$258 -> 6.3853378e-05 | I9: =Sheet2!I9*I$258 -> 0.00028196986 | ... U9: =Sheet2!U9*U$258 -> 0.0015472918 | V9: =SUM(B9:U9) -> 0.0057891938
A10: 45672 | B10: =Sheet2!B10*B$258 -> 0.00024914654 | C10: =Sheet2!C10*C$258 -> -0.002244531 | D10: =Sheet2!D10*D$258 -> 0.00032239323 | E10: =Sheet2!E10*E$258 -> 0.00078552891 | F10: =Sheet2!F10*F$258 -> -0.00051783505 | G10: =Sheet2!G10*G$258 -> -7.4635982e-05 | H10: =Sheet2!H10*H$258 -> -6.7643563e-05 | I10: =Sheet2!I10*I$258 -> -0.00088736281 | ... U10: =Sheet2!U10*U$258 -> 0.00015970028 | V10: =SUM(B10:U10) -> 7.0817755e-05
A11: 45673 | B11: =Sheet2!B11*B$258 -> -0.00044006225 | C11: =Sheet2!C11*C$258 -> 0.0023130656 | D11: =Sheet2!D11*D$258 -> 0.0002014781 | E11: =Sheet2!E11*E$258 -> 0.0018151824 | F11: =Sheet2!F11*F$258 -> -0.00010393425 | G11: =Sheet2!G11*G$258 -> 0.0010457549 | H11: =Sheet2!H11*H$258 -> 4.6993493e-05 | I11: =Sheet2!I11*I$258 -> 0.00025428075 | ... U11: =Sheet2!U11*U$258 -> 0.000239106 | V11: =SUM(B11:U11) -> 0.013127224
A12: 45674 | B12: =Sheet2!B12*B$258 -> 0.00061708579 | C12: =Sheet2!C12*C$258 -> -5.4159505e-05 | D12: =Sheet2!D12*D$258 -> -0.0002052974 | E12: =Sheet2!E12*E$258 -> -0.00019751974 | F12: =Sheet2!F12*F$258 -> 0.00067405322 | G12: =Sheet2!G12*G$258 -> -0.00026974501 | H12: =Sheet2!H12*H$258 -> -0.00012411284 | I12: =Sheet2!I12*I$258 -> 0.00030672923 | ... U12: =Sheet2!U12*U$258 -> 0.00062399122 | V12: =SUM(B12:U12) -> -0.00067901856
A13: 45678 | B13: =Sheet2!B13*B$258 -> 0.00048830068 | C13: =Sheet2!C13*C$258 -> -2.6248496e-05 | D13: =Sheet2!D13*D$258 -> 0.00010552862 | E13: =Sheet2!E13*E$258 -> 0.00050802273 | F13: =Sheet2!F13*F$258 -> -0.00018006594 | G13: =Sheet2!G13*G$258 -> 0.00025650185 | H13: =Sheet2!H13*H$258 -> -0.00021770931 | I13: =Sheet2!I13*I$258 -> 0.00033236054 | ... U13: =Sheet2!U13*U$258 -> 0.0017035811 | V13: =SUM(B13:U13) -> 0.012122897
A14: 45679 | B14: =Sheet2!B14*B$258 -> 0.00047528822 | C14: =Sheet2!C14*C$258 -> -0.00014970261 | D14: =Sheet2!D14*D$258 -> 5.9270903e-05 | E14: =Sheet2!E14*E$258 -> 0.00074287866 | F14: =Sheet2!F14*F$258 -> -0.00042312016 | G14: =Sheet2!G14*G$258 -> 3.4555753e-05 | H14: =Sheet2!H14*H$258 -> -0.0011383223 | I14: =Sheet2!I14*I$258 -> -0.00038604433 | ... U14: =Sheet2!U14*U$258 -> 0.0012089655 | V14: =SUM(B14:U14) -> 0.0029512498
... A251: 46022 | B251: =Sheet2!B251*B$258 -> -2.536966e-05 | C251: =Sheet2!C251*C$258 -> 0.00031555787 | D251: =Sheet2!D251*D$258 -> -0.00031260337 | E251: =Sheet2!E251*E$258 -> -0.00015210913 | F251: =Sheet2!F251*F$258 -> 0.00012132965 | G251: =Sheet2!G251*G$258 -> -6.7520802e-05 | H251: =Sheet2!H251*H$258 -> -0.00016258125 | I251: =Sheet2!I251*I$258 -> -0.00010884408 | ... U251: =Sheet2!U251*U$258 -> -0.00029872249 | V251: =SUM(B251:U251) -> 0.001807851
B253: =_xlfn.COVARIANCE.P(B3:B251,$V3:$V251) -> 1.0539492e-06 | C253: =_xlfn.COVARIANCE.P(C3:C251,$V3:$V251) -> 5.2080826e-06 | D253: =_xlfn.COVARIANCE.P(D3:D251,$V3:$V251) -> -5.3395187e-08 | E253: =_xlfn.COVARIANCE.P(E3:E251,$V3:$V251) -> 6.3001756e-06 | F253: =_xlfn.COVARIANCE.P(F3:F251,$V3:$V251) -> -1.2824454e-06 | G253: =_xlfn.COVARIANCE.P(G3:G251,$V3:$V251) -> 5.2693345e-07 | H253: =_xlfn.COVARIANCE.P(H3:H251,$V3:$V251) -> 1.7125359e-06 | I253: =_xlfn.COVARIANCE.P(I3:I251,$V3:$V251) -> 8.5225143e-07 | ... U253: =_xlfn.COVARIANCE.P(U3:U251,$V3:$V251) -> 8.4920327e-06 | V253: =_xlfn.STDEV.P(V3:V251) -> 0.0070699808
B254: =B253/$V$253 -> 0.00014907384 | C254: =C253/$V$253 -> 0.00073664736 | D254: =D253/$V$253 -> -7.5523808e-06 | E254: =E253/$V$253 -> 0.00089111638 | F254: =F253/$V$253 -> -0.00018139306 | G254: =G253/$V$253 -> 7.4531101e-05 | H254: =H253/$V$253 -> 0.00024222639 | I254: =I253/$V$253 -> 0.00012054508 | ... U254: =U253/$V$253 -> 0.0012011394
A255: TEC | B255: =B254*252^0.5 -> 0.0023664738 | C255: =C254*252^0.5 -> 0.011693914 | D255: =D254*252^0.5 -> -0.00011989033 | E255: =E254*252^0.5 -> 0.014146034 | F255: =F254*252^0.5 -> -0.0028795255 | G255: =G254*252^0.5 -> 0.0011831445 | H255: =H254*252^0.5 -> 0.0038452247 | I255: =I254*252^0.5 -> 0.0019135939 | ... U255: =U254*252^0.5 -> 0.019067497 | V255: =V253*252^0.5 -> 0.11223247
B257: AMZN | C257: ASML | D257: BLD | E257: CEG | F257: COST | G257: DXCM | H257: FCX | I257: FLUT | J257: GOOGL | K257: HIMS | L257: IHI | M257: JPM | N257: MSFT | O257: NUKZ | P257: PANW | Q257: PSA | R257: SCHW | S257: SNOW | T257: TSM | U257: VRT
A258: Active Weight | B258: 0.04164371 | C258: 0.067965115 | D258: 0.025975932 | E258: 0.037396943 | F258: 0.041257698 | G258: 0.018909695 | H258: 0.030324505 | I258: 0.024630307 | J258: 0.10451534 | K258: 0.017191968 | L258: 0.043486015 | M258: 0.025425414 | N258: 0.022762946 | O258: 0.04593891 | P258: 0.029426237 | Q258: 0.016454067 | R258: 0.026381257 | S258: 0.043446646 | T258: 0.13317786 | U258: 0.03978943
A260: Returns | B260: 0.047577565 | C260: 0.43833148 | D260: 0.29956852 | E260: 0.38600063 | F260: -0.048964433 | G260: -0.16987577 | H260: 0.31212399 | I260: -0.17106322 | J260: 0.51218996 | K260: 0.25652649 | L260: 0.067887738 | M260: 0.31934536 | N260: 0.15360984 | O260: 0.43193729 | P260: 0.019191007 | Q260: -0.093405771 | R260: 0.3183319 | S260: 0.33521597 | T260: 0.42897056 | U260: 0.31966391 | V260: 0.17016347
A261: Efficiency | B261: =B260/B255 -> 20.104835 | C261: =C260/C255 -> 37.483726 | D261: =D260/D255 -> -2498.6879 | E261: =E260/E255 -> 27.286844 | F261: =F260/F255 -> 17.004341 | G261: =G260/G255 -> -143.57989 | H261: =H260/H255 -> 81.171845 | I261: =I260/I255 -> -89.393691 | ... U261: =U260/U255 -> 16.764859
